node_id,window_start,window_end,pdr_mean,pdr_var,pdr_corrected,speed_kmh,is_handoff,kl_divergence,autocorr_peak,rsu_id,packets_received_total,packets_forwarded_total,ground_truth_label,is_attacker,label_multiclass,label_binary
0,0.0,10.0,0.7922,0.0346,0.7935,30.5,0,0.0481,0.0708,RSU_01,52,41,BENIGN,0,0,0
0,1.0,11.0,0.8439,0.021,0.8453,34.7,0,0.0346,0.0291,RSU_01,111,92,BENIGN,0,0,0
0,2.0,12.0,0.8758,0.0314,0.8773,35.9,0,0.016,0.0514,RSU_01,109,93,BENIGN,0,0,0
0,3.0,13.0,0.7937,0.038,0.7953,40.3,0,0.0773,0.0808,RSU_01,80,62,BENIGN,0,0,0
0,4.0,14.0,0.8056,0.0198,0.8074,41.7,0,0.0028,0.0909,RSU_01,75,59,BENIGN,0,0,0
0,5.0,15.0,0.8948,0.0074,0.896,29.2,0,0.0776,0.0775,RSU_01,143,130,BENIGN,0,0,0
0,6.0,16.0,0.7986,0.0078,0.8003,41.1,0,0.0036,0.0325,RSU_01,88,72,BENIGN,0,0,0
0,7.0,17.0,0.839,0.0217,0.8409,45.6,0,0.0113,0.0802,RSU_01,57,46,BENIGN,0,0,0
0,8.0,18.0,0.942,0.003,0.9438,44.0,0,0.0287,0.0116,RSU_01,136,129,BENIGN,0,0,0
0,9.0,19.0,0.8453,0.013,0.8464,27.3,0,0.0584,0.0638,RSU_01,138,118,BENIGN,0,0,0
0,10.0,20.0,0.9398,0.0225,0.9411,31.1,0,0.0617,0.0494,RSU_01,102,95,BENIGN,0,0,0
0,11.0,21.0,0.7866,0.0255,0.7881,36.2,0,0.0251,0.0509,RSU_01,140,110,BENIGN,0,0,0
0,12.0,22.0,0.828,0.0031,0.8295,35.1,0,0.0232,0.0161,RSU_01,142,114,BENIGN,0,0,0
0,13.0,23.0,0.9488,0.0075,0.9506,43.4,0,0.0714,0.0539,RSU_01,130,125,BENIGN,0,0,0
0,14.0,24.0,0.8279,0.0171,0.8294,36.9,0,0.0654,0.0861,RSU_01,50,42,BENIGN,0,0,0
0,15.0,25.0,0.8052,0.0135,0.8059,18.1,0,0.0754,0.0323,RSU_01,101,82,BENIGN,0,0,0
0,16.0,26.0,0.9821,0.0101,0.9834,31.8,0,0.0398,0.0301,RSU_01,78,78,BENIGN,0,0,0
0,17.0,27.0,0.7908,0.0111,0.7925,40.2,0,0.0727,0.024,RSU_01,64,49,BENIGN,0,0,0
0,18.0,28.0,0.9211,0.0305,0.9229,42.1,0,0.019,0.0728,RSU_01,86,79,BENIGN,0,0,0
0,19.0,29.0,0.799,0.0334,0.8011,50.6,0,0.0257,0.0187,RSU_01,54,45,BENIGN,0,0,0
0,20.0,30.0,0.8875,0.0091,0.8897,53.0,1,0.0516,0.0174,RSU_01,119,107,BENIGN,0,0,0
0,21.0,31.0,0.8516,0.0045,0.8535,44.3,0,0.074,0.0877,RSU_01,75,63,BENIGN,0,0,0
0,22.0,32.0,0.8912,0.0097,0.8932,47.7,0,0.0074,0.0897,RSU_01,140,125,BENIGN,0,0,0
0,23.0,33.0,0.9325,0.0359,0.9336,27.8,0,0.071,0.078,RSU_01,114,108,BENIGN,0,0,0
0,24.0,34.0,0.8013,0.0265,0.803,41.2,1,0.0004,0.0161,RSU_01,104,85,BENIGN,0,0,0
0,25.0,35.0,0.9296,0.0095,0.9315,47.8,0,0.026,0.0746,RSU_01,114,108,BENIGN,0,0,0
0,26.0,36.0,0.7997,0.0147,0.8015,42.8,0,0.0212,0.0244,RSU_01,147,119,BENIGN,0,0,0
0,27.0,37.0,0.9469,0.0201,0.9488,46.4,0,0.0462,0.0493,RSU_01,69,64,BENIGN,0,0,0
0,28.0,38.0,0.9155,0.0071,0.9169,31.7,1,0.0752,0.0954,RSU_01,141,131,BENIGN,0,0,0
0,29.0,39.0,0.9824,0.0341,0.984,38.4,0,0.0236,0.0385,RSU_01,135,134,BENIGN,0,0,0
0,30.0,40.0,0.9766,0.0278,0.9779,32.0,0,0.0456,0.0097,RSU_01,111,107,BENIGN,0,0,0
0,31.0,41.0,0.9264,0.0281,0.9284,47.8,0,0.0288,0.0294,RSU_01,130,120,BENIGN,0,0,0
0,32.0,42.0,0.8874,0.0201,0.8891,41.8,0,0.0639,0.065,RSU_01,120,107,BENIGN,0,0,0
0,33.0,43.0,0.8589,0.0038,0.8606,41.2,0,0.0463,0.0036,RSU_01,96,82,BENIGN,0,0,0
0,34.0,44.0,0.7864,0.0015,0.7874,25.1,0,0.0658,0.036,RSU_01,62,49,BENIGN,0,0,0
0,35.0,45.0,0.9108,0.0034,0.913,51.8,0,0.0041,0.0531,RSU_01,104,94,BENIGN,0,0,0
0,36.0,46.0,0.8884,0.0129,0.8905,50.3,0,0.0636,0.0271,RSU_01,93,84,BENIGN,0,0,0
0,37.0,47.0,0.8129,0.01,0.8142,33.2,0,0.0439,0.0715,RSU_01,116,97,BENIGN,0,0,0
0,38.0,48.0,0.8681,0.0099,0.8699,42.4,0,0.0285,0.0758,RSU_01,51,47,BENIGN,0,0,0
0,39.0,49.0,0.8832,0.0189,0.8848,37.5,0,0.0139,0.0434,RSU_01,89,82,BENIGN,0,0,0
0,40.0,50.0,0.8587,0.025,0.8608,51.7,1,0.0403,0.0856,RSU_01,115,101,BENIGN,0,0,0
0,41.0,51.0,0.9774,0.023,0.979,37.7,0,0.0311,0.0643,RSU_01,95,92,BENIGN,0,0,0
0,42.0,52.0,0.9819,0.0362,0.9837,44.9,0,0.0157,0.0069,RSU_01,60,59,BENIGN,0,0,0
0,43.0,53.0,0.9574,0.0009,0.9589,35.5,0,0.0652,0.0282,RSU_01,61,58,BENIGN,0,0,0
0,44.0,54.0,0.9344,0.0321,0.9363,47.0,0,0.0226,0.0177,RSU_01,125,119,BENIGN,0,0,0
0,45.0,55.0,0.8516,0.0372,0.8526,25.1,0,0.0687,0.0429,RSU_01,125,104,BENIGN,0,0,0
0,46.0,56.0,0.8861,0.0331,0.8876,36.1,0,0.0256,0.0896,RSU_01,88,78,BENIGN,0,0,0
0,47.0,57.0,0.9796,0.0229,0.9812,37.2,0,0.0505,0.0448,RSU_01,79,76,BENIGN,0,0,0
0,48.0,58.0,0.9462,0.0316,0.9483,49.0,0,0.0073,0.0494,RSU_01,55,49,BENIGN,0,0,0
0,49.0,59.0,0.8537,0.0047,0.8546,22.6,0,0.0114,0.0762,RSU_01,111,98,BENIGN,0,0,0
0,50.0,60.0,0.9283,0.0033,0.9298,35.9,0,0.0068,0.0987,RSU_01,87,81,BENIGN,0,0,0
0,51.0,61.0,0.9871,0.0301,0.9891,48.6,0,0.0301,0.0084,RSU_01,127,124,BENIGN,0,0,0
0,52.0,62.0,0.8034,0.0197,0.8043,23.1,0,0.0009,0.0469,RSU_01,55,47,BENIGN,0,0,0
0,53.0,63.0,0.9821,0.015,0.9841,49.5,0,0.0229,0.0869,RSU_01,72,72,BENIGN,0,0,0
0,54.0,64.0,0.7955,0.0222,0.7972,39.9,0,0.0775,0.0523,RSU_01,112,91,BENIGN,0,0,0
0,55.0,65.0,0.9027,0.036,0.9042,35.9,0,0.0036,0.0281,RSU_01,145,134,BENIGN,0,0,0
0,56.0,66.0,0.8383,0.0075,0.8399,38.5,0,0.0371,0.0353,RSU_01,108,92,BENIGN,0,0,0
0,57.0,67.0,0.9238,0.0065,0.9248,24.1,0,0.0729,0.0823,RSU_01,144,133,BENIGN,0,0,0
0,58.0,68.0,0.9759,0.0346,0.9778,45.3,0,0.0036,0.0026,RSU_01,87,87,BENIGN,0,0,0
0,59.0,69.0,0.9837,0.0337,0.9854,41.7,0,0.0671,0.0469,RSU_01,91,87,BENIGN,0,0,0
0,60.0,70.0,0.9507,0.04,0.9523,38.5,0,0.0797,0.0555,RSU_01,126,119,BENIGN,0,0,0
0,61.0,71.0,0.9804,0.0242,0.9819,36.9,0,0.0183,0.0672,RSU_01,111,105,BENIGN,0,0,0
0,62.0,72.0,0.8893,0.0309,0.8906,32.7,0,0.0416,0.0852,RSU_01,105,92,BENIGN,0,0,0
0,63.0,73.0,0.8081,0.0012,0.8101,47.6,0,0.0604,0.062,RSU_01,120,97,BENIGN,0,0,0
0,64.0,74.0,0.8536,0.0236,0.8551,35.9,1,0.0314,0.0437,RSU_01,140,118,BENIGN,0,0,0
0,65.0,75.0,0.8633,0.0249,0.865,41.0,0,0.069,0.095,RSU_01,64,50,BENIGN,0,0,0
0,66.0,76.0,0.8764,0.0392,0.8781,39.2,0,0.0394,0.0329,RSU_01,113,100,BENIGN,0,0,0
0,67.0,77.0,0.8069,0.0061,0.8085,38.4,0,0.0111,0.0641,RSU_01,68,54,BENIGN,0,0,0
0,68.0,78.0,0.9202,0.0069,0.9221,45.3,0,0.0154,0.0041,RSU_01,66,60,BENIGN,0,0,0
0,69.0,79.0,0.8053,0.0184,0.8067,32.8,0,0.0165,0.0364,RSU_01,100,79,BENIGN,0,0,0
0,70.0,80.0,0.9119,0.0033,0.9135,38.5,0,0.0699,0.0921,RSU_01,56,51,BENIGN,0,0,0
0,71.0,81.0,0.8187,0.0084,0.8207,46.2,0,0.0296,0.0485,RSU_01,111,89,BENIGN,0,0,0
0,72.0,82.0,0.7877,0.0101,0.7891,34.4,0,0.0571,0.0895,RSU_01,101,75,BENIGN,0,0,0
0,73.0,83.0,0.8918,0.0097,0.8932,31.6,0,0.0215,0.0377,RSU_01,52,46,BENIGN,0,0,0
0,74.0,84.0,0.8052,0.0356,0.8064,30.9,0,0.0475,0.0679,RSU_01,128,101,BENIGN,0,0,0
0,75.0,85.0,0.9032,0.0298,0.9046,32.4,0,0.0345,0.0128,RSU_01,78,70,BENIGN,0,0,0
0,76.0,86.0,0.8548,0.0395,0.8569,50.5,0,0.0485,0.0237,RSU_01,60,48,BENIGN,0,0,0
0,77.0,87.0,0.8192,0.0114,0.8207,35.7,0,0.0139,0.0897,RSU_01,58,46,BENIGN,0,0,0
0,78.0,88.0,0.8035,0.0159,0.8043,19.3,0,0.0776,0.0866,RSU_01,131,106,BENIGN,0,0,0
0,79.0,89.0,0.9752,0.0223,0.9766,33.6,0,0.0457,0.028,RSU_01,126,121,BENIGN,0,0,0
0,80.0,90.0,0.8866,0.0097,0.8881,34.8,0,0.0092,0.0611,RSU_01,78,67,BENIGN,0,0,0
0,81.0,91.0,0.8918,0.0021,0.8931,30.3,0,0.0269,0.0134,RSU_01,56,50,BENIGN,0,0,0
0,82.0,92.0,0.9396,0.0238,0.9411,34.5,0,0.0377,0.0412,RSU_01,84,80,BENIGN,0,0,0
0,83.0,93.0,0.794,0.0296,0.7957,40.7,0,0.046,0.0842,RSU_01,63,50,BENIGN,0,0,0
0,84.0,94.0,0.8145,0.0326,0.8159,34.6,0,0.0532,0.0523,RSU_01,85,70,BENIGN,0,0,0
0,85.0,95.0,0.8722,0.0151,0.8738,37.2,0,0.037,0.0301,RSU_01,124,110,BENIGN,0,0,0
0,86.0,96.0,0.8606,0.0217,0.8617,26.7,0,0.0725,0.0624,RSU_01,61,52,BENIGN,0,0,0
0,87.0,97.0,0.8092,0.0318,0.8109,40.7,0,0.0496,0.0533,RSU_01,139,113,BENIGN,0,0,0
0,88.0,98.0,0.8322,0.0298,0.8337,35.5,0,0.0027,0.057,RSU_01,126,105,BENIGN,0,0,0
0,89.0,99.0,0.8032,0.0339,0.8048,36.6,0,0.0102,0.0397,RSU_01,129,105,BENIGN,0,0,0
0,90.0,100.0,0.9312,0.0256,0.9327,35.9,0,0.0555,0.0543,RSU_01,75,68,BENIGN,0,0,0
0,91.0,101.0,0.9025,0.016,0.9038,30.9,0,0.037,0.0947,RSU_01,65,57,BENIGN,0,0,0
0,92.0,102.0,0.7838,0.0349,0.7855,40.8,0,0.0746,0.0565,RSU_01,119,98,BENIGN,0,0,0
0,93.0,103.0,0.901,0.0243,0.9027,41.1,0,0.0339,0.0736,RSU_01,143,129,BENIGN,0,0,0
0,94.0,104.0,0.9868,0.0336,0.9884,38.6,0,0.01,0.0921,RSU_01,136,135,BENIGN,0,0,0
0,95.0,105.0,0.7915,0.0134,0.794,59.7,0,0.0642,0.0005,RSU_01,83,66,BENIGN,0,0,0
0,96.0,106.0,0.8527,0.0139,0.8547,46.2,0,0.059,0.0452,RSU_01,72,56,BENIGN,0,0,0
0,97.0,107.0,0.8847,0.0168,0.8859,30.4,0,0.0732,0.0362,RSU_01,108,95,BENIGN,0,0,0
0,98.0,108.0,0.8112,0.0166,0.8125,31.2,0,0.0068,0.0997,RSU_01,100,82,BENIGN,0,0,0
0,99.0,109.0,0.8241,0.0359,0.8255,33.9,0,0.0164,0.0191,RSU_01,53,43,BENIGN,0,0,0
0,100.0,110.0,0.9429,0.0181,0.9454,59.9,0,0.042,0.0441,RSU_01,90,82,BENIGN,0,0,0
0,101.0,111.0,0.961,0.0378,0.9622,29.9,0,0.0299,0.0271,RSU_01,114,109,BENIGN,0,0,0
0,102.0,112.0,0.9304,0.0264,0.9319,36.5,0,0.0022,0.0222,RSU_01,73,67,BENIGN,0,0,0
0,103.0,113.0,0.9171,0.0095,0.9187,40.2,0,0.008,0.0243,RSU_01,122,111,BENIGN,0,0,0
0,104.0,114.0,0.9203,0.0082,0.922,41.2,0,0.0235,0.0896,RSU_01,51,47,BENIGN,0,0,0
0,105.0,115.0,0.9517,0.0137,0.9527,26.0,0,0.0208,0.038,RSU_01,109,107,BENIGN,0,0,0
0,106.0,116.0,0.8959,0.0174,0.8978,45.4,0,0.0236,0.0948,RSU_01,126,110,BENIGN,0,0,0
0,107.0,117.0,0.8693,0.0009,0.8713,47.1,0,0.0215,0.0542,RSU_01,113,98,BENIGN,0,0,0
0,108.0,118.0,0.9867,0.021,0.9882,34.4,0,0.0137,0.0272,RSU_01,51,49,BENIGN,0,0,0
0,109.0,119.0,0.9168,0.0332,0.9179,26.3,0,0.0165,0.0011,RSU_01,63,58,BENIGN,0,0,0
0,110.0,120.0,0.8168,0.0366,0.819,52.3,0,0.0335,0.0383,RSU_01,101,85,BENIGN,0,0,0
0,111.0,121.0,0.8315,0.0156,0.833,36.6,0,0.0231,0.0356,RSU_01,121,101,BENIGN,0,0,0
0,112.0,122.0,0.9194,0.0375,0.9212,44.0,0,0.0586,0.0215,RSU_01,53,45,BENIGN,0,0,0
0,113.0,123.0,0.8842,0.0239,0.8861,44.2,0,0.0267,0.0771,RSU_01,60,50,BENIGN,0,0,0
0,114.0,124.0,0.9246,0.0174,0.9263,40.8,0,0.0197,0.0819,RSU_01,129,118,BENIGN,0,0,0
0,115.0,125.0,0.8558,0.0037,0.8571,30.7,0,0.0734,0.0137,RSU_01,145,125,BENIGN,0,0,0
0,116.0,126.0,0.9633,0.0293,0.9645,28.8,0,0.0645,0.0659,RSU_01,119,114,BENIGN,0,0,0
0,117.0,127.0,0.8265,0.0395,0.8279,35.7,0,0.0755,0.0039,RSU_01,120,100,BENIGN,0,0,0
0,118.0,128.0,0.9265,0.0119,0.9284,45.9,1,0.074,0.0971,RSU_01,144,133,BENIGN,0,0,0
0,119.0,129.0,0.847,0.0332,0.849,48.4,0,0.003,0.0596,RSU_01,73,61,BENIGN,0,0,0
0,120.0,130.0,0.7937,0.0126,0.795,31.0,0,0.0432,0.0791,RSU_01,81,66,BENIGN,0,0,0
0,121.0,131.0,0.8289,0.001,0.8309,46.3,0,0.0696,0.0021,RSU_01,137,114,BENIGN,0,0,0
0,122.0,132.0,0.9896,0.014,0.9914,45.1,0,0.0614,0.0402,RSU_01,97,96,BENIGN,0,0,0
0,123.0,133.0,0.9413,0.0167,0.9433,46.7,0,0.0337,0.0738,RSU_01,73,69,BENIGN,0,0,0
0,124.0,134.0,0.8422,0.0093,0.8438,37.0,0,0.0034,0.0018,RSU_01,148,123,BENIGN,0,0,0
0,125.0,135.0,0.8258,0.038,0.8268,23.9,0,0.0629,0.0089,RSU_01,91,72,BENIGN,0,0,0
0,126.0,136.0,0.9881,0.0093,0.9906,57.8,0,0.0754,0.065,RSU_01,110,107,BENIGN,0,0,0
0,127.0,137.0,0.8263,0.0075,0.8274,26.8,0,0.0624,0.035,RSU_01,55,45,BENIGN,0,0,0
0,128.0,138.0,0.9262,0.0062,0.9277,36.4,0,0.0653,0.0224,RSU_01,72,64,BENIGN,0,0,0
0,129.0,139.0,0.7992,0.0351,0.8016,58.2,0,0.0212,0.013,RSU_01,138,112,BENIGN,0,0,0
0,130.0,140.0,0.7983,0.0163,0.8001,43.7,0,0.0298,0.026,RSU_01,122,99,BENIGN,0,0,0
0,131.0,141.0,0.9235,0.003,0.9248,32.6,0,0.0681,0.0495,RSU_01,98,90,BENIGN,0,0,0
0,132.0,142.0,0.9224,0.0226,0.9244,49.0,0,0.0214,0.0879,RSU_01,129,119,BENIGN,0,0,0
0,133.0,143.0,0.9288,0.0335,0.9307,46.8,0,0.0558,0.068,RSU_01,111,103,BENIGN,0,0,0
0,134.0,144.0,0.9631,0.0012,0.9645,34.2,0,0.0661,0.0129,RSU_01,83,80,BENIGN,0,0,0
0,135.0,145.0,0.9547,0.0203,0.9562,33.8,0,0.0005,0.0287,RSU_01,111,106,BENIGN,0,0,0
0,136.0,146.0,0.9131,0.0216,0.9148,39.6,0,0.0624,0.0107,RSU_01,126,115,BENIGN,0,0,0
0,137.0,147.0,0.9129,0.0373,0.9147,43.7,0,0.0082,0.0937,RSU_01,118,107,BENIGN,0,0,0
0,138.0,148.0,0.7941,0.0233,0.7957,37.9,0,0.0277,0.0621,RSU_01,54,42,BENIGN,0,0,0
0,139.0,149.0,0.7846,0.0129,0.7864,42.3,1,0.0391,0.077,RSU_01,118,91,BENIGN,0,0,0
0,140.0,150.0,0.8695,0.0181,0.8706,25.8,0,0.0131,0.0795,RSU_01,119,102,BENIGN,0,0,0
0,141.0,151.0,0.9797,0.006,0.9817,48.3,0,0.0346,0.0944,RSU_01,91,91,BENIGN,0,0,0
0,142.0,152.0,0.9866,0.0164,0.9879,29.5,0,0.0715,0.023,RSU_01,71,71,BENIGN,0,0,0
0,143.0,153.0,0.9615,0.0189,0.9632,40.0,0,0.0775,0.0186,RSU_01,136,130,BENIGN,0,0,0
0,144.0,154.0,0.9398,0.025,0.9417,45.0,0,0.0105,0.0033,RSU_01,142,134,BENIGN,0,0,0
0,145.0,155.0,0.8046,0.005,0.8067,49.4,0,0.0548,0.043,RSU_01,70,57,BENIGN,0,0,0
0,146.0,156.0,0.8365,0.0319,0.8379,33.4,0,0.0248,0.0455,RSU_01,51,42,BENIGN,0,0,0
0,147.0,157.0,0.906,0.0117,0.9076,38.0,0,0.0556,0.086,RSU_01,127,113,BENIGN,0,0,0
0,148.0,158.0,0.8308,0.0395,0.8325,39.2,0,0.0114,0.0499,RSU_01,111,91,BENIGN,0,0,0
0,149.0,159.0,0.8486,0.0207,0.8504,43.6,1,0.007,0.0351,RSU_01,53,48,BENIGN,0,0,0
0,150.0,160.0,0.8992,0.0276,0.9008,37.9,0,0.064,0.02,RSU_01,66,57,BENIGN,0,0,0
0,151.0,161.0,0.7866,0.0374,0.7884,41.6,0,0.0042,0.0541,RSU_01,120,92,BENIGN,0,0,0
0,152.0,162.0,0.8513,0.0326,0.8531,42.5,0,0.0064,0.0895,RSU_01,104,89,BENIGN,0,0,0
0,153.0,163.0,0.8905,0.0293,0.8921,37.8,0,0.0065,0.006,RSU_01,74,68,BENIGN,0,0,0
0,154.0,164.0,0.9183,0.0199,0.9196,31.1,0,0.0444,0.0719,RSU_01,72,65,BENIGN,0,0,0
0,155.0,165.0,0.7952,0.0012,0.7964,30.3,0,0.0206,0.0463,RSU_01,136,109,BENIGN,0,0,0
0,156.0,166.0,0.8526,0.0148,0.8546,46.8,0,0.079,0.004,RSU_01,136,117,BENIGN,0,0,0
0,157.0,167.0,0.8822,0.0349,0.8833,26.9,0,0.0721,0.0422,RSU_01,77,71,BENIGN,0,0,0
0,158.0,168.0,0.9108,0.0253,0.9127,45.8,0,0.0586,0.0132,RSU_01,121,110,BENIGN,0,0,0
0,159.0,169.0,0.8319,0.0348,0.8337,42.0,0,0.0356,0.0515,RSU_01,85,70,BENIGN,0,0,0
0,160.0,170.0,0.9836,0.0103,0.9848,30.1,0,0.0525,0.0325,RSU_01,127,125,BENIGN,0,0,0
0,161.0,171.0,0.8156,0.0208,0.8168,26.9,0,0.027,0.0829,RSU_01,93,75,BENIGN,0,0,0
0,162.0,172.0,0.8151,0.0067,0.8169,44.6,0,0.0029,0.0736,RSU_01,116,91,BENIGN,0,0,0
0,163.0,173.0,0.9029,0.0347,0.905,49.1,0,0.0165,0.0112,RSU_01,76,68,BENIGN,0,0,0
0,164.0,174.0,0.7883,0.0049,0.7899,39.8,0,0.0362,0.0934,RSU_01,81,62,BENIGN,0,0,0
0,165.0,175.0,0.9872,0.0386,0.9886,34.7,0,0.0004,0.0952,RSU_01,113,111,BENIGN,0,0,0
0,166.0,176.0,0.8827,0.0267,0.8843,38.3,0,0.0112,0.003,RSU_01,80,72,BENIGN,0,0,0
0,167.0,177.0,0.9837,0.0038,0.985,31.9,0,0.0538,0.0444,RSU_01,136,135,BENIGN,0,0,0
0,168.0,178.0,0.9784,0.0273,0.9802,43.7,0,0.0398,0.0618,RSU_01,136,131,BENIGN,0,0,0
0,169.0,179.0,0.9248,0.0271,0.9263,35.8,0,0.0173,0.0659,RSU_01,89,82,BENIGN,0,0,0
0,170.0,180.0,0.9899,0.0019,0.9913,33.2,0,0.0782,0.0407,RSU_01,137,136,BENIGN,0,0,0
0,171.0,181.0,0.9645,0.0162,0.9662,42.1,0,0.0262,0.0668,RSU_01,130,128,BENIGN,0,0,0
0,172.0,182.0,0.9517,0.0048,0.9536,45.1,0,0.0436,0.0006,RSU_01,82,79,BENIGN,0,0,0
0,173.0,183.0,0.8616,0.0179,0.8628,29.1,0,0.019,0.0373,RSU_01,72,58,BENIGN,0,0,0
0,174.0,184.0,0.9101,0.0185,0.9118,40.7,0,0.0304,0.0863,RSU_01,101,90,BENIGN,0,0,0
0,175.0,185.0,0.8598,0.016,0.8613,35.7,0,0.0464,0.0534,RSU_01,110,94,BENIGN,0,0,0
0,176.0,186.0,0.9807,0.0007,0.9825,44.8,0,0.0157,0.0008,RSU_01,114,112,BENIGN,0,0,0
0,177.0,187.0,0.7927,0.0374,0.7942,37.3,0,0.0281,0.0101,RSU_01,98,78,BENIGN,0,0,0
0,178.0,188.0,0.9486,0.0216,0.95,32.4,0,0.0249,0.061,RSU_01,121,112,BENIGN,0,0,0
0,179.0,189.0,0.818,0.0272,0.8195,34.5,0,0.0145,0.0525,RSU_01,120,94,BENIGN,0,0,0
0,180.0,190.0,0.9822,0.0193,0.9839,40.6,0,0.0645,0.055,RSU_01,54,51,BENIGN,0,0,0
0,181.0,191.0,0.952,0.0354,0.9538,43.1,0,0.0182,0.0212,RSU_01,111,105,BENIGN,0,0,0
0,182.0,192.0,0.8542,0.0095,0.8562,48.6,0,0.0624,0.0275,RSU_01,132,112,BENIGN,0,0,0
0,183.0,193.0,0.911,0.0181,0.9133,53.9,0,0.0469,0.0168,RSU_01,123,110,BENIGN,0,0,0
0,184.0,194.0,0.785,0.0257,0.7865,36.5,0,0.0486,0.0547,RSU_01,73,58,BENIGN,0,0,0
0,185.0,195.0,0.9874,0.0055,0.9896,51.0,0,0.0556,0.0404,RSU_01,92,87,BENIGN,0,0,0
0,186.0,196.0,0.807,0.0042,0.8089,47.2,0,0.0579,0.0578,RSU_01,77,64,BENIGN,0,0,0
0,187.0,197.0,0.7946,0.0208,0.7959,30.6,0,0.0054,0.08,RSU_01,73,56,BENIGN,0,0,0
0,188.0,198.0,0.8919,0.013,0.8939,47.6,0,0.0266,0.0669,RSU_01,149,133,BENIGN,0,0,0
0,189.0,199.0,0.8777,0.0024,0.8796,44.9,0,0.045,0.0958,RSU_01,67,62,BENIGN,0,0,0
0,190.0,200.0,0.8003,0.018,0.8016,31.4,0,0.0605,0.0348,RSU_01,116,94,BENIGN,0,0,0
0,191.0,201.0,0.9884,0.0371,0.9899,35.1,0,0.0432,0.0842,RSU_01,102,98,BENIGN,0,0,0
0,192.0,202.0,0.8068,0.033,0.8082,33.4,0,0.0626,0.0709,RSU_01,53,43,BENIGN,0,0,0
0,193.0,203.0,0.7984,0.0375,0.7997,30.8,0,0.0443,0.0306,RSU_01,89,69,BENIGN,0,0,0
0,194.0,204.0,0.9731,0.0199,0.9754,56.6,0,0.0794,0.0851,RSU_01,70,65,BENIGN,0,0,0
0,195.0,205.0,0.9623,0.0322,0.9638,35.9,0,0.0632,0.0305,RSU_01,58,58,BENIGN,0,0,0
0,196.0,206.0,0.8527,0.039,0.8539,29.9,0,0.0513,0.0822,RSU_01,63,53,BENIGN,0,0,0
0,197.0,207.0,0.8167,0.0201,0.8192,59.1,0,0.0319,0.0146,RSU_01,86,69,BENIGN,0,0,0
0,198.0,208.0,0.8455,0.0202,0.8473,43.4,0,0.0352,0.0106,RSU_01,114,96,BENIGN,0,0,0
0,199.0,209.0,0.8119,0.0025,0.8137,43.7,0,0.0625,0.046,RSU_01,55,42,BENIGN,0,0,0
0,200.0,210.0,0.8437,0.004,0.8451,34.9,0,0.0554,0.0062,RSU_01,100,83,BENIGN,0,0,0
0,201.0,211.0,0.8907,0.017,0.8918,27.1,0,0.0105,0.0887,RSU_01,94,85,BENIGN,0,0,0
0,202.0,212.0,0.9538,0.0293,0.9553,35.3,0,0.0615,0.0011,RSU_01,91,84,BENIGN,0,0,0
0,203.0,213.0,0.9397,0.0055,0.9412,36.2,0,0.0428,0.0215,RSU_01,51,47,BENIGN,0,0,0
0,204.0,214.0,0.8754,0.0338,0.8767,31.4,0,0.0078,0.0488,RSU_01,65,56,BENIGN,0,0,0
0,205.0,215.0,0.8589,0.0158,0.861,48.7,0,0.0368,0.0785,RSU_01,139,117,BENIGN,0,0,0
0,206.0,216.0,0.8335,0.0336,0.8355,48.5,0,0.0031,0.0902,RSU_01,96,77,BENIGN,0,0,0
0,207.0,217.0,0.9137,0.0246,0.9158,50.6,0,0.0053,0.0518,RSU_01,65,61,BENIGN,0,0,0
0,208.0,218.0,0.7888,0.0034,0.7904,40.1,0,0.0573,0.0072,RSU_01,57,48,BENIGN,0,0,0
0,209.0,219.0,0.8534,0.031,0.8548,32.9,0,0.0529,0.0185,RSU_01,67,59,BENIGN,0,0,0
0,210.0,220.0,0.8357,0.0008,0.8374,41.6,0,0.0066,0.0968,RSU_01,79,64,BENIGN,0,0,0
0,211.0,221.0,0.8232,0.0049,0.825,44.2,0,0.0492,0.0775,RSU_01,114,96,BENIGN,0,0,0
0,212.0,222.0,0.9477,0.0117,0.9492,34.7,0,0.0784,0.0602,RSU_01,108,102,BENIGN,0,0,0
0,213.0,223.0,0.8069,0.0135,0.8088,45.3,0,0.0742,0.0225,RSU_01,87,71,BENIGN,0,0,0
0,214.0,224.0,0.978,0.0096,0.9791,25.5,0,0.0097,0.0197,RSU_01,138,131,BENIGN,0,0,0
0,215.0,225.0,0.9609,0.0339,0.9621,28.6,0,0.0735,0.0252,RSU_01,125,121,BENIGN,0,0,0
0,216.0,226.0,0.9431,0.0262,0.9451,49.1,0,0.0142,0.0545,RSU_01,148,139,BENIGN,0,0,0
0,217.0,227.0,0.9517,0.0085,0.9533,38.6,0,0.0405,0.0841,RSU_01,123,116,BENIGN,0,0,0
0,218.0,228.0,0.8425,0.0226,0.8449,57.8,0,0.0551,0.0873,RSU_01,113,97,BENIGN,0,0,0
0,219.0,229.0,0.782,0.0099,0.7834,34.4,0,0.0581,0.0992,RSU_01,59,47,BENIGN,0,0,0
0,220.0,230.0,0.8966,0.0293,0.8986,49.7,0,0.0493,0.0188,RSU_01,85,75,BENIGN,0,0,0
0,221.0,231.0,0.9398,0.0014,0.9415,41.6,1,0.0597,0.0202,RSU_01,145,139,BENIGN,0,0,0
0,222.0,232.0,0.8442,0.0351,0.8453,27.8,0,0.0797,0.0368,RSU_01,94,77,BENIGN,0,0,0
0,223.0,233.0,0.8622,0.0165,0.8641,44.1,0,0.0556,0.0003,RSU_01,111,96,BENIGN,0,0,0
0,224.0,234.0,0.9035,0.0192,0.9056,48.7,0,0.0514,0.0065,RSU_01,107,95,BENIGN,0,0,0
0,225.0,235.0,0.9221,0.0322,0.9243,54.3,0,0.0216,0.0825,RSU_01,99,95,BENIGN,0,0,0
0,226.0,236.0,0.9456,0.0207,0.9476,48.3,0,0.0352,0.0147,RSU_01,82,76,BENIGN,0,0,0
0,227.0,237.0,0.9056,0.0294,0.907,32.6,0,0.0799,0.0933,RSU_01,114,102,BENIGN,0,0,0
0,228.0,238.0,0.8049,0.0164,0.8071,54.3,0,0.0672,0.0384,RSU_01,107,83,BENIGN,0,0,0
0,229.0,239.0,0.8502,0.001,0.8515,29.3,0,0.0019,0.0832,RSU_01,77,66,BENIGN,0,0,0
0,230.0,240.0,0.8345,0.0172,0.8355,24.2,0,0.0698,0.0842,RSU_01,68,57,BENIGN,0,0,0
0,231.0,241.0,0.808,0.0032,0.8096,37.8,0,0.0582,0.0496,RSU_01,93,77,BENIGN,0,0,0
0,232.0,242.0,0.9081,0.0054,0.9101,46.6,0,0.0601,0.0657,RSU_01,145,133,BENIGN,0,0,0
0,233.0,243.0,0.9703,0.01,0.9716,31.6,0,0.0218,0.0759,RSU_01,94,89,BENIGN,0,0,0
0,234.0,244.0,0.9704,0.0056,0.9718,35.2,0,0.0426,0.0411,RSU_01,84,81,BENIGN,0,0,0
0,235.0,245.0,0.9767,0.0021,0.9785,41.3,0,0.0335,0.026,RSU_01,123,120,BENIGN,0,0,0
0,236.0,246.0,0.8774,0.0389,0.8787,30.5,0,0.0487,0.035,RSU_01,61,54,BENIGN,0,0,0
0,237.0,247.0,0.9586,0.0224,0.9601,35.9,0,0.0419,0.0115,RSU_01,136,129,BENIGN,0,0,0
0,238.0,248.0,0.8941,0.0033,0.8957,37.0,0,0.0367,0.0485,RSU_01,66,59,BENIGN,0,0,0
0,239.0,249.0,0.9167,0.0218,0.9182,35.8,0,0.005,0.0513,RSU_01,130,123,BENIGN,0,0,0
0,240.0,250.0,0.8223,0.0103,0.8237,34.2,0,0.0132,0.033,RSU_01,125,102,BENIGN,0,0,0
0,241.0,251.0,0.9647,0.0348,0.9659,27.8,0,0.0191,0.0451,RSU_01,148,142,BENIGN,0,0,0
0,242.0,252.0,0.8931,0.0199,0.8947,38.9,0,0.0084,0.0657,RSU_01,132,116,BENIGN,0,0,0
0,243.0,253.0,0.8228,0.0209,0.8249,49.8,0,0.023,0.0793,RSU_01,107,86,BENIGN,0,0,0
0,244.0,254.0,0.9722,0.0213,0.9742,48.9,0,0.0126,0.0696,RSU_01,129,126,BENIGN,0,0,0
0,245.0,255.0,0.8381,0.0393,0.8401,46.0,0,0.0113,0.0202,RSU_01,68,56,BENIGN,0,0,0
0,246.0,256.0,0.8725,0.0246,0.8742,41.7,0,0.0067,0.0882,RSU_01,130,114,BENIGN,0,0,0
0,247.0,257.0,0.9867,0.0267,0.9885,43.5,0,0.0508,0.0166,RSU_01,138,136,BENIGN,0,0,0
0,248.0,258.0,0.8975,0.0211,0.8988,29.9,1,0.0575,0.089,RSU_01,57,50,BENIGN,0,0,0
0,249.0,259.0,0.952,0.0216,0.9534,32.9,0,0.0568,0.0314,RSU_01,97,93,BENIGN,0,0,0
0,250.0,260.0,0.8838,0.0331,0.8854,38.0,0,0.0268,0.0174,RSU_01,121,109,BENIGN,0,0,0
0,251.0,261.0,0.8746,0.03,0.876,34.8,0,0.0521,0.0621,RSU_01,85,73,BENIGN,0,0,0
0,252.0,262.0,0.9132,0.0051,0.9148,38.5,0,0.0541,0.0325,RSU_01,118,110,BENIGN,0,0,0
0,253.0,263.0,0.8386,0.0257,0.8402,36.1,0,0.0555,0.0513,RSU_01,80,68,BENIGN,0,0,0
0,254.0,264.0,0.963,0.0306,0.9649,47.6,0,0.0631,0.0665,RSU_01,76,70,BENIGN,0,0,0
0,255.0,265.0,0.8033,0.0179,0.805,41.5,0,0.0368,0.0865,RSU_01,104,84,BENIGN,0,0,0
0,256.0,266.0,0.8687,0.0017,0.8705,41.4,0,0.0592,0.0918,RSU_01,78,67,BENIGN,0,0,0
0,257.0,267.0,0.9383,0.0322,0.9398,35.9,0,0.0014,0.0963,RSU_01,122,115,BENIGN,0,0,0
0,258.0,268.0,0.9633,0.0045,0.9652,46.5,0,0.0563,0.0541,RSU_01,59,55,BENIGN,0,0,0
0,259.0,269.0,0.8424,0.012,0.8434,24.3,0,0.0595,0.0048,RSU_01,140,117,BENIGN,0,0,0
0,260.0,270.0,0.9674,0.0074,0.9692,42.8,0,0.0063,0.024,RSU_01,129,126,BENIGN,0,0,0
0,261.0,271.0,0.9597,0.0209,0.9614,40.0,0,0.0051,0.0831,RSU_01,109,103,BENIGN,0,0,0
0,262.0,272.0,0.9646,0.0229,0.9663,41.5,0,0.0414,0.043,RSU_01,81,79,BENIGN,0,0,0
0,263.0,273.0,0.9674,0.0177,0.9696,51.2,0,0.0486,0.0631,RSU_01,109,104,BENIGN,0,0,0
0,264.0,274.0,0.8019,0.0154,0.8032,31.2,0,0.039,0.0652,RSU_01,145,117,BENIGN,0,0,0
0,265.0,275.0,0.9132,0.0028,0.9153,51.2,0,0.0204,0.0362,RSU_01,97,89,BENIGN,0,0,0
0,266.0,276.0,0.9083,0.0112,0.9098,37.6,0,0.0166,0.0517,RSU_01,50,41,BENIGN,0,0,0
0,267.0,277.0,0.8877,0.0117,0.8897,48.0,0,0.0745,0.0397,RSU_01,58,50,BENIGN,0,0,0
0,268.0,278.0,0.8866,0.035,0.8879,32.3,0,0.0395,0.0702,RSU_01,149,132,BENIGN,0,0,0
0,269.0,279.0,0.8686,0.0164,0.8701,36.2,0,0.0726,0.0714,RSU_01,110,94,BENIGN,0,0,0
0,270.0,280.0,0.9525,0.0001,0.9544,46.7,0,0.0509,0.0051,RSU_01,75,70,BENIGN,0,0,0
0,271.0,281.0,0.804,0.0154,0.8057,40.5,0,0.0365,0.0369,RSU_01,62,48,BENIGN,0,0,0
0,272.0,282.0,0.7968,0.0142,0.799,51.5,0,0.0753,0.0669,RSU_01,117,92,BENIGN,0,0,0
0,273.0,283.0,0.9136,0.0365,0.9156,48.8,1,0.049,0.0874,RSU_01,122,107,BENIGN,0,0,0
0,274.0,284.0,0.7825,0.0169,0.7841,39.8,0,0.0236,0.0486,RSU_01,107,82,BENIGN,0,0,0
0,275.0,285.0,0.917,0.0338,0.918,23.7,0,0.0554,0.043,RSU_01,117,108,BENIGN,0,0,0
0,276.0,286.0,0.8737,0.0319,0.8751,31.8,0,0.0658,0.0858,RSU_01,141,121,BENIGN,0,0,0
0,277.0,287.0,0.8579,0.024,0.859,24.8,0,0.0564,0.0688,RSU_01,87,73,BENIGN,0,0,0
0,278.0,288.0,0.9669,0.0138,0.9685,37.3,0,0.0124,0.0025,RSU_01,114,107,BENIGN,0,0,0
0,279.0,289.0,0.866,0.0124,0.8672,28.1,0,0.0542,0.0606,RSU_01,86,76,BENIGN,0,0,0
0,280.0,290.0,0.882,0.0011,0.8842,54.5,0,0.0404,0.0964,RSU_01,88,76,BENIGN,0,0,0
0,281.0,291.0,0.9388,0.0183,0.9401,30.6,1,0.0231,0.09,RSU_01,61,56,BENIGN,0,0,0
0,282.0,292.0,0.9066,0.0331,0.9082,38.6,0,0.0787,0.0288,RSU_01,146,132,BENIGN,0,0,0
0,283.0,293.0,0.8937,0.0062,0.8948,27.0,0,0.0443,0.0542,RSU_01,126,109,BENIGN,0,0,0
0,284.0,294.0,0.8345,0.0078,0.836,37.6,0,0.0046,0.0342,RSU_01,77,66,BENIGN,0,0,0
0,285.0,295.0,0.9019,0.0056,0.9036,39.9,0,0.0355,0.0626,RSU_01,98,89,BENIGN,0,0,0
0,286.0,296.0,0.9103,0.0081,0.9121,41.7,0,0.0316,0.0039,RSU_01,97,90,BENIGN,0,0,0
0,287.0,297.0,0.971,0.0289,0.9721,27.2,0,0.0427,0.087,RSU_01,63,61,BENIGN,0,0,0
0,288.0,298.0,0.8379,0.0351,0.8394,36.5,0,0.0755,0.0149,RSU_01,96,80,BENIGN,0,0,0
0,289.0,299.0,0.9036,0.015,0.9053,39.3,0,0.0229,0.0203,RSU_01,126,114,BENIGN,0,0,0
0,290.0,300.0,0.9012,0.0346,0.9029,41.3,0,0.0785,0.0408,RSU_01,132,114,BENIGN,0,0,0
0,291.0,301.0,0.8221,0.0044,0.8239,42.7,0,0.0683,0.0439,RSU_01,134,113,BENIGN,0,0,0
0,292.0,302.0,0.9116,0.0371,0.9132,38.3,0,0.0015,0.0477,RSU_01,118,109,BENIGN,0,0,0
0,293.0,303.0,0.8429,0.0143,0.8448,47.0,0,0.0644,0.0279,RSU_01,71,62,BENIGN,0,0,0
0,294.0,304.0,0.935,0.0334,0.9364,35.1,1,0.0592,0.0143,RSU_01,125,118,BENIGN,0,0,0
0,295.0,305.0,0.9576,0.0245,0.9595,44.9,0,0.0071,0.0488,RSU_01,57,56,BENIGN,0,0,0
0,296.0,306.0,0.8533,0.0044,0.8543,26.2,0,0.0647,0.0948,RSU_01,57,45,BENIGN,0,0,0
0,297.0,307.0,0.7961,0.02,0.7978,39.6,0,0.0636,0.0707,RSU_01,55,45,BENIGN,0,0,0
0,298.0,308.0,0.8288,0.0112,0.8304,38.1,0,0.0643,0.0929,RSU_01,90,73,BENIGN,0,0,0
0,299.0,309.0,0.8275,0.0256,0.829,37.1,0,0.0783,0.0603,RSU_01,85,71,BENIGN,0,0,0
0,300.0,310.0,0.8856,0.018,0.887,32.5,0,0.0469,0.0625,RSU_01,57,51,BENIGN,0,0,0
0,301.0,311.0,0.9527,0.0322,0.954,30.5,0,0.0442,0.052,RSU_01,64,62,BENIGN,0,0,0
0,302.0,312.0,0.8397,0.0054,0.8411,33.5,0,0.0504,0.0054,RSU_01,124,105,BENIGN,0,0,0
0,303.0,313.0,0.9285,0.0025,0.9299,34.4,0,0.0671,0.0004,RSU_01,74,68,BENIGN,0,0,0
0,304.0,314.0,0.8556,0.0108,0.857,32.5,0,0.0674,0.0313,RSU_01,128,111,BENIGN,0,0,0
0,305.0,315.0,0.8592,0.0386,0.8608,38.1,0,0.0071,0.0687,RSU_01,99,86,BENIGN,0,0,0
0,306.0,316.0,0.7809,0.0067,0.7831,51.9,0,0.057,0.0666,RSU_01,146,111,BENIGN,0,0,0
0,307.0,317.0,0.9442,0.0258,0.9455,30.9,0,0.0039,0.036,RSU_01,145,139,BENIGN,0,0,0
0,308.0,318.0,0.8239,0.0147,0.8246,16.7,0,0.0296,0.0052,RSU_01,126,103,BENIGN,0,0,0
0,309.0,319.0,0.8245,0.0263,0.8266,49.2,0,0.0378,0.088,RSU_01,71,57,BENIGN,0,0,0
0,310.0,320.0,0.8087,0.0261,0.8106,47.1,0,0.0591,0.0316,RSU_01,114,95,BENIGN,0,0,0
0,311.0,321.0,0.9669,0.0115,0.9691,51.7,0,0.0294,0.0058,RSU_01,61,57,BENIGN,0,0,0
0,312.0,322.0,0.7831,0.0152,0.7841,25.4,0,0.027,0.0019,RSU_01,62,48,BENIGN,0,0,0
0,313.0,323.0,0.8915,0.0238,0.8931,37.6,0,0.0008,0.0464,RSU_01,146,124,BENIGN,0,0,0
0,314.0,324.0,0.9425,0.0309,0.9449,55.5,0,0.0417,0.0976,RSU_01,62,58,BENIGN,0,0,0
0,315.0,325.0,0.7837,0.0117,0.7852,37.5,0,0.0619,0.0518,RSU_01,84,66,BENIGN,0,0,0
0,316.0,326.0,0.9579,0.0009,0.9599,47.3,0,0.0719,0.0783,RSU_01,128,119,BENIGN,0,0,0
0,317.0,327.0,0.7938,0.0091,0.7947,21.2,0,0.0197,0.0484,RSU_01,124,96,BENIGN,0,0,0
0,318.0,328.0,0.978,0.0314,0.9794,33.8,0,0.0793,0.0544,RSU_01,146,142,BENIGN,0,0,0
0,319.0,329.0,0.8211,0.0056,0.8227,37.7,0,0.0498,0.0781,RSU_01,107,86,BENIGN,0,0,0
0,320.0,330.0,0.8615,0.027,0.8633,42.0,0,0.0208,0.0345,RSU_01,141,120,BENIGN,0,0,0
0,321.0,331.0,0.9286,0.0025,0.9302,37.3,0,0.0118,0.0008,RSU_01,113,101,BENIGN,0,0,0
0,322.0,332.0,0.8912,0.0097,0.8925,30.7,0,0.04,0.068,RSU_01,57,50,BENIGN,0,0,0
0,323.0,333.0,0.8948,0.0173,0.8967,46.1,0,0.0035,0.0166,RSU_01,94,82,BENIGN,0,0,0
0,324.0,334.0,0.9817,0.0079,0.9835,42.9,0,0.0761,0.0995,RSU_01,121,119,BENIGN,0,0,0
0,325.0,335.0,0.8718,0.0237,0.8734,39.7,0,0.0058,0.0622,RSU_01,148,129,BENIGN,0,0,0
0,326.0,336.0,0.9782,0.0384,0.98,43.8,0,0.0417,0.0977,RSU_01,125,121,BENIGN,0,0,0
0,327.0,337.0,0.8319,0.0256,0.8336,38.7,0,0.0533,0.0163,RSU_01,106,85,BENIGN,0,0,0
0,328.0,338.0,0.7819,0.0143,0.7835,39.3,1,0.0741,0.0229,RSU_01,113,91,BENIGN,0,0,0
0,329.0,339.0,0.9331,0.0038,0.9345,33.8,0,0.0343,0.0029,RSU_01,98,89,BENIGN,0,0,0
0,330.0,340.0,0.8635,0.0368,0.8649,33.0,0,0.0795,0.0045,RSU_01,126,109,BENIGN,0,0,0
0,331.0,341.0,0.9729,0.038,0.9741,28.6,0,0.0462,0.0357,RSU_01,128,121,BENIGN,0,0,0
0,332.0,342.0,0.9179,0.0096,0.9197,42.6,0,0.0153,0.0918,RSU_01,60,51,BENIGN,0,0,0
0,333.0,343.0,0.7876,0.007,0.7887,27.2,1,0.0693,0.0282,RSU_01,145,114,BENIGN,0,0,0
0,334.0,344.0,0.8885,0.0304,0.8896,27.0,0,0.0226,0.0353,RSU_01,139,127,BENIGN,0,0,0
0,335.0,345.0,0.8845,0.0082,0.8866,50.7,0,0.0473,0.0186,RSU_01,83,72,BENIGN,0,0,0
0,336.0,346.0,0.7945,0.0376,0.796,36.4,0,0.0406,0.0409,RSU_01,131,104,BENIGN,0,0,0
0,337.0,347.0,0.9419,0.0262,0.9434,35.5,0,0.0121,0.0876,RSU_01,103,98,BENIGN,0,0,0
0,338.0,348.0,0.8069,0.0306,0.8083,34.8,1,0.0,0.0417,RSU_01,102,78,BENIGN,0,0,0
0,339.0,349.0,0.8284,0.0001,0.8298,33.5,0,0.0583,0.0967,RSU_01,72,57,BENIGN,0,0,0
0,340.0,350.0,0.8688,0.0121,0.8708,49.1,0,0.026,0.0713,RSU_01,131,115,BENIGN,0,0,0
0,341.0,351.0,0.9494,0.0394,0.9509,35.7,0,0.0603,0.0393,RSU_01,109,101,BENIGN,0,0,0
0,342.0,352.0,0.929,0.0067,0.9304,34.6,0,0.0625,0.0584,RSU_01,145,135,BENIGN,0,0,0
0,343.0,353.0,0.9394,0.0041,0.9405,26.7,0,0.0411,0.0509,RSU_01,86,82,BENIGN,0,0,0
0,344.0,354.0,0.9734,0.0278,0.9754,48.0,0,0.0583,0.0862,RSU_01,77,76,BENIGN,0,0,0
0,345.0,355.0,0.8505,0.0391,0.8519,35.1,0,0.0685,0.0701,RSU_01,122,104,BENIGN,0,0,0
0,346.0,356.0,0.8599,0.0065,0.8618,44.4,0,0.0629,0.0734,RSU_01,88,75,BENIGN,0,0,0
0,347.0,357.0,0.928,0.0327,0.9296,38.9,0,0.0437,0.0967,RSU_01,55,51,BENIGN,0,0,0
0,348.0,358.0,0.8176,0.032,0.8199,53.9,0,0.0442,0.0397,RSU_01,63,51,BENIGN,0,0,0
0,349.0,359.0,0.9213,0.0319,0.9225,30.4,0,0.02,0.0625,RSU_01,107,96,BENIGN,0,0,0
0,350.0,360.0,0.8444,0.0141,0.8461,39.9,0,0.0497,0.0334,RSU_01,123,102,BENIGN,0,0,0
0,351.0,361.0,0.84,0.0173,0.8414,33.9,0,0.0548,0.0332,RSU_01,55,45,BENIGN,0,0,0
0,352.0,362.0,0.921,0.0253,0.9228,43.7,0,0.0159,0.0418,RSU_01,125,114,BENIGN,0,0,0
0,353.0,363.0,0.8707,0.0392,0.8723,37.0,0,0.0054,0.0519,RSU_01,67,57,BENIGN,0,0,0
0,354.0,364.0,0.8688,0.0139,0.8709,51.5,0,0.0318,0.0264,RSU_01,70,59,BENIGN,0,0,0
0,355.0,365.0,0.9179,0.0387,0.919,25.4,0,0.0483,0.0077,RSU_01,57,52,BENIGN,0,0,0
0,356.0,366.0,0.9058,0.0249,0.9074,38.7,0,0.0519,0.0267,RSU_01,51,46,BENIGN,0,0,0
0,357.0,367.0,0.8457,0.0108,0.8477,48.9,0,0.0478,0.0866,RSU_01,144,123,BENIGN,0,0,0
0,358.0,368.0,0.9272,0.0272,0.9288,37.6,0,0.0327,0.0015,RSU_01,108,100,BENIGN,0,0,0
0,359.0,369.0,0.8638,0.0336,0.8653,36.7,0,0.0151,0.0672,RSU_01,147,123,BENIGN,0,0,0
0,360.0,370.0,0.9721,0.0174,0.9734,32.4,0,0.0207,0.0434,RSU_01,122,118,BENIGN,0,0,0
0,361.0,371.0,0.9139,0.0097,0.9156,39.5,0,0.0571,0.0091,RSU_01,69,62,BENIGN,0,0,0
0,362.0,372.0,0.8322,0.0086,0.8339,42.2,1,0.0217,0.0248,RSU_01,56,47,BENIGN,0,0,0
0,363.0,373.0,0.9213,0.0032,0.9235,53.0,0,0.0761,0.0838,RSU_01,130,119,BENIGN,0,0,0
0,364.0,374.0,0.936,0.0295,0.9372,28.2,0,0.0417,0.0068,RSU_01,87,81,BENIGN,0,0,0
0,365.0,375.0,0.8365,0.0147,0.8382,40.6,0,0.0716,0.0666,RSU_01,128,108,BENIGN,0,0,0
0,366.0,376.0,0.9281,0.0171,0.9305,56.5,0,0.0354,0.0649,RSU_01,143,131,BENIGN,0,0,0
0,367.0,377.0,0.8432,0.0201,0.8447,35.5,1,0.0045,0.0491,RSU_01,142,116,BENIGN,0,0,0
0,368.0,378.0,0.9176,0.0104,0.9193,41.4,0,0.0128,0.016,RSU_01,57,51,BENIGN,0,0,0
0,369.0,379.0,0.951,0.0274,0.9528,43.7,0,0.0088,0.0289,RSU_01,80,73,BENIGN,0,0,0
0,370.0,380.0,0.8549,0.0142,0.8566,40.2,0,0.0663,0.0789,RSU_01,80,65,BENIGN,0,0,0
0,371.0,381.0,0.9776,0.0351,0.9789,30.2,0,0.0082,0.0393,RSU_01,105,99,BENIGN,0,0,0
0,372.0,382.0,0.9222,0.0335,0.9233,28.2,0,0.0687,0.0748,RSU_01,93,85,BENIGN,0,0,0
0,373.0,383.0,0.8176,0.0278,0.8189,30.5,0,0.0184,0.0118,RSU_01,66,54,BENIGN,0,0,0
0,374.0,384.0,0.7975,0.0008,0.7992,40.3,0,0.0133,0.0891,RSU_01,74,62,BENIGN,0,0,0
0,375.0,385.0,0.889,0.0243,0.8904,33.1,0,0.0196,0.0058,RSU_01,89,78,BENIGN,0,0,0
0,376.0,386.0,0.9094,0.0223,0.9108,33.5,0,0.0333,0.0429,RSU_01,104,93,BENIGN,0,0,0
0,377.0,387.0,0.885,0.0165,0.887,48.1,0,0.0696,0.0631,RSU_01,103,93,BENIGN,0,0,0
0,378.0,388.0,0.8508,0.0057,0.8525,41.4,0,0.0554,0.0206,RSU_01,89,73,BENIGN,0,0,0
0,379.0,389.0,0.868,0.0007,0.8696,38.3,0,0.0634,0.0069,RSU_01,97,84,BENIGN,0,0,0
0,380.0,390.0,0.8332,0.0004,0.8355,55.6,0,0.0579,0.0536,RSU_01,133,112,BENIGN,0,0,0
0,381.0,391.0,0.8501,0.0317,0.8518,42.3,0,0.0361,0.0183,RSU_01,135,115,BENIGN,0,0,0
0,382.0,392.0,0.8614,0.0321,0.8631,38.6,0,0.0721,0.0203,RSU_01,56,50,BENIGN,0,0,0
0,383.0,393.0,0.9833,0.0027,0.9848,37.2,0,0.0519,0.0074,RSU_01,87,87,BENIGN,0,0,0
0,384.0,394.0,0.8974,0.0128,0.8989,37.0,0,0.0176,0.0351,RSU_01,87,80,BENIGN,0,0,0
0,385.0,395.0,0.9318,0.0263,0.9334,37.9,0,0.0567,0.0008,RSU_01,71,64,BENIGN,0,0,0
0,386.0,396.0,0.9489,0.0309,0.9505,37.7,1,0.0439,0.0066,RSU_01,126,123,BENIGN,0,0,0
0,387.0,397.0,0.9486,0.0207,0.9507,50.5,0,0.0112,0.0671,RSU_01,112,107,BENIGN,0,0,0
0,388.0,398.0,0.967,0.03,0.9684,33.6,0,0.0727,0.0759,RSU_01,109,106,BENIGN,0,0,0
0,389.0,399.0,0.9128,0.0063,0.9147,45.6,0,0.0379,0.0716,RSU_01,77,70,BENIGN,0,0,0
0,390.0,400.0,0.8251,0.017,0.8266,34.3,0,0.0726,0.0507,RSU_01,68,54,BENIGN,0,0,0
0,391.0,401.0,0.9526,0.0264,0.9543,41.1,0,0.0637,0.0272,RSU_01,119,112,BENIGN,0,0,0
0,392.0,402.0,0.8481,0.0108,0.8498,40.1,0,0.0153,0.0695,RSU_01,71,60,BENIGN,0,0,0
0,393.0,403.0,0.9511,0.0311,0.9523,27.2,0,0.0609,0.0188,RSU_01,58,56,BENIGN,0,0,0
0,394.0,404.0,0.7865,0.0104,0.7879,31.8,0,0.0027,0.0879,RSU_01,74,61,BENIGN,0,0,0
0,395.0,405.0,0.8478,0.0359,0.8493,35.1,0,0.071,0.0325,RSU_01,140,118,BENIGN,0,0,0
0,396.0,406.0,0.7941,0.0038,0.7956,35.6,0,0.0799,0.0327,RSU_01,124,99,BENIGN,0,0,0
0,397.0,407.0,0.8307,0.0016,0.8325,42.3,0,0.0329,0.013,RSU_01,52,43,BENIGN,0,0,0
0,398.0,408.0,0.8457,0.0262,0.8477,49.1,0,0.0186,0.0014,RSU_01,126,105,BENIGN,0,0,0
0,399.0,409.0,0.9558,0.0248,0.9579,50.0,1,0.0451,0.0625,RSU_01,136,131,BENIGN,0,0,0
0,400.0,410.0,0.9389,0.0177,0.9411,52.4,0,0.0566,0.0389,RSU_01,72,71,BENIGN,0,0,0
0,401.0,411.0,0.8518,0.0211,0.8537,45.0,0,0.0169,0.0996,RSU_01,148,126,BENIGN,0,0,0
0,402.0,412.0,0.9046,0.0021,0.9066,48.3,0,0.0364,0.0675,RSU_01,117,106,BENIGN,0,0,0
0,403.0,413.0,0.8851,0.0276,0.8869,43.8,0,0.0558,0.0649,RSU_01,77,67,BENIGN,0,0,0
0,404.0,414.0,0.8177,0.0282,0.8194,42.6,0,0.0364,0.0668,RSU_01,133,106,BENIGN,0,0,0
0,405.0,415.0,0.956,0.0321,0.9578,43.5,0,0.0769,0.0536,RSU_01,98,96,BENIGN,0,0,0
0,406.0,416.0,0.8382,0.0369,0.8394,30.5,0,0.0467,0.0593,RSU_01,85,70,BENIGN,0,0,0
0,407.0,417.0,0.965,0.0353,0.9664,32.9,0,0.0527,0.0211,RSU_01,136,130,BENIGN,0,0,0
0,408.0,418.0,0.8402,0.0321,0.8418,38.0,0,0.0798,0.003,RSU_01,139,117,BENIGN,0,0,0
0,409.0,419.0,0.958,0.0025,0.9597,41.7,0,0.0268,0.0067,RSU_01,147,140,BENIGN,0,0,0
0,410.0,420.0,0.7979,0.0154,0.7996,42.1,0,0.0057,0.0211,RSU_01,72,58,BENIGN,0,0,0
0,411.0,421.0,0.8152,0.0059,0.8162,25.5,0,0.0778,0.0759,RSU_01,146,118,BENIGN,0,0,0
0,412.0,422.0,0.8485,0.012,0.8496,25.7,0,0.0186,0.013,RSU_01,75,62,BENIGN,0,0,0
0,413.0,423.0,0.8242,0.0324,0.8263,50.3,0,0.0118,0.0343,RSU_01,136,109,BENIGN,0,0,0
0,414.0,424.0,0.9488,0.0055,0.9498,24.0,0,0.0465,0.0506,RSU_01,64,60,BENIGN,0,0,0
0,415.0,425.0,0.7973,0.0184,0.7984,28.0,0,0.0245,0.0822,RSU_01,55,45,BENIGN,0,0,0
0,416.0,426.0,0.9006,0.0267,0.9018,29.9,0,0.0622,0.0862,RSU_01,81,68,BENIGN,0,0,0
0,417.0,427.0,0.9668,0.0149,0.9688,49.2,0,0.0156,0.0489,RSU_01,124,120,BENIGN,0,0,0
0,418.0,428.0,0.8559,0.0344,0.8564,12.8,0,0.0325,0.0328,RSU_01,95,78,BENIGN,0,0,0
0,419.0,429.0,0.9798,0.007,0.9813,35.4,0,0.0454,0.0579,RSU_01,98,96,BENIGN,0,0,0
0,420.0,430.0,0.8582,0.0265,0.8594,29.5,0,0.0113,0.0571,RSU_01,68,59,BENIGN,0,0,0
0,421.0,431.0,0.9534,0.0114,0.9547,32.1,0,0.0742,0.097,RSU_01,107,100,BENIGN,0,0,0
0,422.0,432.0,0.8572,0.0035,0.8587,36.6,0,0.0445,0.0845,RSU_01,129,108,BENIGN,0,0,0
0,423.0,433.0,0.8258,0.035,0.8276,43.5,0,0.02,0.0263,RSU_01,50,39,BENIGN,0,0,0
0,424.0,434.0,0.9376,0.0061,0.9393,41.7,0,0.0367,0.0351,RSU_01,59,56,BENIGN,0,0,0
0,425.0,435.0,0.8412,0.0083,0.8431,46.0,1,0.0191,0.0908,RSU_01,96,80,BENIGN,0,0,0
0,426.0,436.0,0.8823,0.0172,0.8845,52.1,0,0.0478,0.1,RSU_01,126,110,BENIGN,0,0,0
0,427.0,437.0,0.7864,0.0082,0.7884,48.7,0,0.0272,0.0511,RSU_01,111,86,BENIGN,0,0,0
0,428.0,438.0,0.7906,0.0014,0.7922,39.5,0,0.0441,0.0438,RSU_01,133,106,BENIGN,0,0,0
0,429.0,439.0,0.9322,0.0045,0.9333,26.9,1,0.0487,0.0281,RSU_01,67,61,BENIGN,0,0,0
0,430.0,440.0,0.9377,0.005,0.9397,49.1,0,0.0618,0.0237,RSU_01,117,108,BENIGN,0,0,0
0,431.0,441.0,0.7939,0.0008,0.7958,45.3,0,0.0661,0.0525,RSU_01,127,101,BENIGN,0,0,0
0,432.0,442.0,0.9819,0.0267,0.9833,33.7,1,0.0747,0.0265,RSU_01,111,106,BENIGN,0,0,0
0,433.0,443.0,0.9789,0.0354,0.9802,30.0,0,0.0591,0.0277,RSU_01,78,78,BENIGN,0,0,0
0,434.0,444.0,0.9879,0.0125,0.9899,47.3,0,0.0272,0.0079,RSU_01,94,94,BENIGN,0,0,0
0,435.0,445.0,0.9765,0.0074,0.9778,32.8,0,0.0298,0.0929,RSU_01,56,52,BENIGN,0,0,0
0,436.0,446.0,0.8738,0.0201,0.8751,30.6,0,0.0197,0.0471,RSU_01,116,101,BENIGN,0,0,0
0,437.0,447.0,0.9699,0.0327,0.9718,46.0,0,0.0606,0.0056,RSU_01,50,50,BENIGN,0,0,0
0,438.0,448.0,0.8645,0.0354,0.8664,44.4,0,0.0716,0.0909,RSU_01,81,67,BENIGN,0,0,0
0,439.0,449.0,0.8188,0.0137,0.82,30.5,0,0.0344,0.0831,RSU_01,61,51,BENIGN,0,0,0
0,440.0,450.0,0.8835,0.012,0.8852,41.2,0,0.0477,0.0434,RSU_01,66,61,BENIGN,0,0,0
0,441.0,451.0,0.8522,0.0293,0.8539,40.3,0,0.0527,0.0932,RSU_01,132,110,BENIGN,0,0,0
0,442.0,452.0,0.8639,0.0131,0.8662,54.6,0,0.0009,0.0827,RSU_01,130,113,BENIGN,0,0,0
0,443.0,453.0,0.8049,0.0392,0.8066,40.8,0,0.0172,0.0067,RSU_01,109,85,BENIGN,0,0,0
0,444.0,454.0,0.8162,0.0227,0.818,42.8,0,0.0237,0.0938,RSU_01,131,111,BENIGN,0,0,0
0,445.0,455.0,0.7906,0.0021,0.7922,38.8,0,0.0554,0.0458,RSU_01,72,57,BENIGN,0,0,0
0,446.0,456.0,0.8554,0.0329,0.8566,28.0,0,0.0657,0.0477,RSU_01,85,74,BENIGN,0,0,0
0,447.0,457.0,0.8239,0.0034,0.8259,48.6,0,0.0373,0.0482,RSU_01,134,109,BENIGN,0,0,0
0,448.0,458.0,0.953,0.0154,0.9544,34.9,0,0.0367,0.0303,RSU_01,143,133,BENIGN,0,0,0
0,449.0,459.0,0.8799,0.0163,0.8816,42.1,1,0.0129,0.0656,RSU_01,147,133,BENIGN,0,0,0
0,450.0,460.0,0.8677,0.0047,0.8699,53.2,0,0.049,0.0938,RSU_01,116,101,BENIGN,0,0,0
0,451.0,461.0,0.8647,0.0333,0.8662,37.6,0,0.0652,0.0612,RSU_01,87,73,BENIGN,0,0,0
0,452.0,462.0,0.8668,0.027,0.8683,35.6,0,0.0527,0.007,RSU_01,89,76,BENIGN,0,0,0
0,453.0,463.0,0.7888,0.0168,0.7903,36.3,0,0.0135,0.0879,RSU_01,105,82,BENIGN,0,0,0
0,454.0,464.0,0.9812,0.0088,0.9828,39.5,0,0.0709,0.0934,RSU_01,141,135,BENIGN,0,0,0
0,455.0,465.0,0.938,0.0213,0.9401,50.3,0,0.0542,0.0428,RSU_01,123,118,BENIGN,0,0,0
0,456.0,466.0,0.8935,0.0338,0.895,37.0,0,0.0345,0.0379,RSU_01,141,126,BENIGN,0,0,0
0,457.0,467.0,0.888,0.0123,0.8898,44.6,0,0.0458,0.0325,RSU_01,53,46,BENIGN,0,0,0
0,458.0,468.0,0.9209,0.0322,0.9231,51.4,0,0.0757,0.04,RSU_01,128,116,BENIGN,0,0,0
0,459.0,469.0,0.9245,0.0048,0.9262,40.0,0,0.0751,0.0181,RSU_01,112,102,BENIGN,0,0,0
0,460.0,470.0,0.8676,0.0064,0.869,33.6,0,0.0137,0.0418,RSU_01,125,106,BENIGN,0,0,0
0,461.0,471.0,0.919,0.0241,0.9203,32.6,1,0.013,0.0234,RSU_01,52,47,BENIGN,0,0,0
0,462.0,472.0,0.9746,0.0168,0.9761,36.4,0,0.004,0.0039,RSU_01,107,103,BENIGN,0,0,0
0,463.0,473.0,0.7824,0.0315,0.7839,36.5,0,0.0245,0.004,RSU_01,108,84,BENIGN,0,0,0
0,464.0,474.0,0.8378,0.0284,0.8396,42.1,0,0.0217,0.0904,RSU_01,87,72,BENIGN,0,0,0
0,465.0,475.0,0.9548,0.0322,0.9562,34.3,0,0.0179,0.0226,RSU_01,131,125,BENIGN,0,0,0
0,466.0,476.0,0.7975,0.0084,0.7985,23.5,0,0.0602,0.0051,RSU_01,99,77,BENIGN,0,0,0
0,467.0,477.0,0.8913,0.0065,0.8923,23.9,0,0.0458,0.0805,RSU_01,126,110,BENIGN,0,0,0
0,468.0,478.0,0.8558,0.0163,0.8574,38.0,0,0.0544,0.0057,RSU_01,53,45,BENIGN,0,0,0
0,469.0,479.0,0.9147,0.0104,0.9169,51.9,0,0.0709,0.0896,RSU_01,79,70,BENIGN,0,0,0
0,470.0,480.0,0.9212,0.033,0.9227,35.6,0,0.0538,0.0824,RSU_01,89,79,BENIGN,0,0,0
0,471.0,481.0,0.921,0.0108,0.9228,43.2,0,0.0065,0.0993,RSU_01,65,58,BENIGN,0,0,0
0,472.0,482.0,0.9619,0.0116,0.9637,44.2,0,0.0374,0.0619,RSU_01,91,89,BENIGN,0,0,0
0,473.0,483.0,0.9586,0.0081,0.9596,24.7,0,0.0748,0.0689,RSU_01,132,124,BENIGN,0,0,0
0,474.0,484.0,0.9519,0.0016,0.954,51.1,1,0.0712,0.0992,RSU_01,79,75,BENIGN,0,0,0
0,475.0,485.0,0.9618,0.0041,0.9636,44.7,0,0.0101,0.0979,RSU_01,117,111,BENIGN,0,0,0
0,476.0,486.0,0.9048,0.0241,0.9063,35.7,0,0.0546,0.0575,RSU_01,92,85,BENIGN,0,0,0
0,477.0,487.0,0.9254,0.0093,0.9273,46.7,0,0.05,0.0747,RSU_01,71,64,BENIGN,0,0,0
0,478.0,488.0,0.9342,0.0137,0.9362,47.9,1,0.0383,0.0929,RSU_01,83,78,BENIGN,0,0,0
0,479.0,489.0,0.8343,0.0011,0.8358,36.8,0,0.0505,0.0426,RSU_01,104,86,BENIGN,0,0,0
0,480.0,490.0,0.9827,0.002,0.9842,35.0,0,0.0712,0.0577,RSU_01,106,102,BENIGN,0,0,0
0,481.0,491.0,0.9062,0.0136,0.9076,33.2,0,0.0734,0.0407,RSU_01,64,57,BENIGN,0,0,0
0,482.0,492.0,0.9265,0.036,0.9279,31.4,0,0.0634,0.0676,RSU_01,117,110,BENIGN,0,0,0
0,483.0,493.0,0.8371,0.0087,0.8387,38.4,1,0.0529,0.0634,RSU_01,109,91,BENIGN,0,0,0
0,484.0,494.0,0.852,0.0054,0.854,48.7,0,0.0076,0.0832,RSU_01,141,117,BENIGN,0,0,0
0,485.0,495.0,0.9331,0.0312,0.9345,33.3,0,0.0095,0.0,RSU_01,121,113,BENIGN,0,0,0
0,486.0,496.0,0.8935,0.034,0.8947,29.0,1,0.0766,0.0566,RSU_01,101,88,BENIGN,0,0,0
0,487.0,497.0,0.9075,0.0155,0.9092,40.2,0,0.0192,0.0095,RSU_01,81,71,BENIGN,0,0,0
0,488.0,498.0,0.9635,0.0398,0.9651,39.1,0,0.0466,0.0812,RSU_01,82,79,BENIGN,0,0,0
0,489.0,499.0,0.9233,0.0126,0.9246,32.8,0,0.0107,0.0632,RSU_01,62,53,BENIGN,0,0,0
0,490.0,500.0,0.9382,0.0349,0.9404,53.2,0,0.04,0.073,RSU_01,111,105,BENIGN,0,0,0
0,491.0,501.0,0.9585,0.0078,0.96,35.7,0,0.01,0.0963,RSU_01,60,54,BENIGN,0,0,0
0,492.0,502.0,0.7981,0.0023,0.8006,59.8,0,0.0084,0.0586,RSU_01,104,81,BENIGN,0,0,0
0,493.0,503.0,0.7887,0.0199,0.7906,44.6,0,0.0551,0.0252,RSU_01,80,60,BENIGN,0,0,0
0,494.0,504.0,0.9025,0.0292,0.9044,46.1,0,0.0292,0.0641,RSU_01,96,87,BENIGN,0,0,0
0,495.0,505.0,0.8553,0.0365,0.8572,44.2,0,0.0017,0.0316,RSU_01,55,45,BENIGN,0,0,0
0,496.0,506.0,0.9219,0.0158,0.9238,45.5,0,0.0605,0.0454,RSU_01,91,85,BENIGN,0,0,0
0,497.0,507.0,0.8593,0.0025,0.8611,41.1,0,0.0271,0.0506,RSU_01,66,54,BENIGN,0,0,0
0,498.0,508.0,0.8042,0.0353,0.8051,22.8,0,0.0332,0.0387,RSU_01,115,91,BENIGN,0,0,0
0,499.0,509.0,0.9509,0.0376,0.9532,55.3,0,0.0519,0.0955,RSU_01,65,60,BENIGN,0,0,0
